省份,单位
国家食品安全风险评估中心,国家食品安全风险评估中心
安徽省,安徽省CDC
安徽省,池州市CDC
安徽省,阜阳市CDC
安徽省,合肥市CDC
安徽省,安庆市CDC
安徽省,蚌埠市CDC
安徽省,滁州市CDC
安徽省,淮南市CDC
安徽省,黄山市CDC
安徽省,六安市CDC
安徽省,宿州市CDC
安徽省,亳州市CDC
安徽省,马鞍山市CDC
安徽省,芜湖市CDC
北京市,北京市CDC
北京市,通州区CDC
北京市,海淀区CDC
北京市,朝阳区CDC
北京市,延庆区CDC
北京市,石景山区CDC
北京市,怀柔区CDC
北京市,顺义区CDC
北京市,东城区CDC
北京市,西城区CDC
北京市,密云区CDC
北京市,丰台区CDC
北京市,大兴区CDC
北京市,平谷区CDC
北京市,昌平区CDC
北京市,房山区CDC
北京市,门头沟区CDC
福建省,福建省CDC
福建省,漳州市CDC
甘肃省,甘肃省CDC
甘肃省,酒泉市CDC
甘肃省,白银市CDC
甘肃省,金昌市CDC
甘肃省,兰州市CDC
甘肃省,陇南市CDC
甘肃省,庆阳市CDC
甘肃省,武威市CDC
甘肃省,天水市CDC
甘肃省,嘉峪关市CDC
甘肃省,张掖市CDC
广东省,广东省CDC
广东省,深圳市光明区CDC
广东省,深圳市CDC
广东省,广州市CDC
广东省,珠海市CDC
广东省,汕头市CDC
广东省,中山市CDC
广东省,东莞市CDC
广东省,潮州市CDC
广东省,佛山市CDC
广东省,茂名市CDC
广东省,清远市CDC
广东省,肇庆市CDC
广西壮族自治区,广西壮族自治区CDC
广西,北海市CDC
广西,桂林市CDC
广西,柳州市CDC
广西,南宁市CDC
广西,钦州市CDC
广西,百色市CDC
广西,贵港市CDC
广西,来宾市CDC
广西,梧州市CDC
广西,玉林市CDC
贵州省,贵州省CDC
贵州省,贵阳市CDC
贵州省,凯里市CDC
贵州省,六盘水市CDC
贵州省,黔西南布依族苗族自治州CDC
贵州省,安顺市CDC
贵州省,毕节市CDC
贵州省,黔南布依族苗族自治州CDC
贵州省,铜仁市CDC
贵州省,遵义市CDC
海南省,海南省CDC
河北省,河北省CDC
河北省,秦皇岛市CDC
河北省,保定市CDC
河北省,沧州市CDC
河北省,邯郸市CDC
河北省,石家庄市CDC
河北省,衡水市CDC
河北省,邢台市CDC
河北省,廊坊市CDC
河北省,唐山市CDC
河北省,承德市CDC
河北省,张家口市CDC
河南省,河南省CDC
河南省,驻马店市CDC
河南省,开封市CDC
黑龙江省,哈尔滨市CDC
黑龙江省,佳木斯市CDC
黑龙江省,黑龙江省CDC
黑龙江省,齐齐哈尔市CDC
黑龙江省,伊春市CDC
黑龙江省,鹤岗市CDC
黑龙江省,绥化市CDC
黑龙江省,黑河市CDC
黑龙江省,牡丹江市CDC
黑龙江省,佳木斯市CDC
黑龙江省,鸡西市CDC
黑龙江省,双鸭山市CDC
湖北省,湖北省CDC
湖北省,荆门市CDC
湖北省,黄石市CDC
湖北省,孝感市CDC
湖北省,武汉市CDC
湖北省,襄阳市CDC
湖北省,宜昌市CDC
湖北省,恩施市CDC
湖北省,十堰市CDC
湖北省,咸宁市CDC
湖北省,黄冈市CDC
湖北省,随州市CDC
湖北省,荆门市CDC
湖北省,十堰市CDC
湖北省,仙桃市CDC
湖南省,湖南省CDC
湖南省,常德市CDC
湖南省,郴州市CDC
湖南省,衡阳市CDC
湖南省,娄底市CDC
湖南省,邵阳市CDC
湖南省,湘潭市CDC
湖南省,益阳市CDC
湖南省,永州市CDC
湖南省,长沙市CDC
吉林省,吉林省
吉林省,白城市CDC
吉林省,四平市CDC
吉林省,长春市CDC
吉林省,松原市CDC
吉林省,白山市CDC
吉林省,通化市CDC
吉林省,吉林市CDC
吉林省,辽源市CDC
吉林省,松原市CDC
吉林省,延边朝鲜族自治州CDC
江苏省,江苏省
江苏省,江苏省CDC
江苏省,南通市CDC
江西省,江西省CDC
江西省,丰城市CDC
辽宁省,辽宁省CDC
内蒙古,阿拉善盟CDC
内蒙古,包头市CDC
内蒙古,鄂尔多斯市CDC
内蒙古,赤峰市CDC
内蒙古自治区,内蒙古自治区CDC
内蒙古,呼伦贝尔市CDC
内蒙古,通辽市CDC
内蒙古,乌海市CDC
内蒙古,兴安盟CDC
内蒙古,锡林郭勒盟CDC
内蒙古,呼和浩特市CDC
宁夏,吴忠市CDC
宁夏,石嘴山市CDC
宁夏回族自治区,宁夏回族自治区CDC
宁夏,固原市CDC
宁夏回族自治区,宁夏回族自治区CDC
宁夏,银川市CDC
青海省,青海省CDC
青海省,果洛藏族自治州CDC
青海省,海北藏族自治州CDC
青海省,海东地区CDC
青海省,海南藏族自治州CDC
青海省,黄南藏族自治州CDC
青海省,海西蒙古族藏族自治州CDC
青海省,玉树藏族自治州CDC
青海省,西宁市CDC
青海省,玉树藏族自治州CDC
山东省,山东省CDC
山东省,德州市CDC
山东省,泰安市CDC
山东省,聊城市CDC
山东省,淄博市CDC
山东省,东营市CDC
山东省,滨州市CDC
山西省,山西省CDC
山西省,晋城市CDC
山西省,太原市CDC
陕西省,陕西省CDC
陕西省,宝鸡市CDC
陕西省,咸阳市CDC
陕西省,延安市CDC
陕西省,铜川市CDC
上海市,上海市CDC
上海市,嘉定区CDC
上海市,宝山区CDC
上海市,闵行区CDC升级
上海市,杨浦区CDC升级
上海市,静安区CDC升级
上海市,徐汇区CDC升级
上海市,宝山区CDC
上海市,虹口区CDC
上海市,黄浦区CDC
上海市,奉贤区CDC
上海市,青浦区CDC
上海市,普陀区CDC
上海市,金山区CDC
上海市,崇明区CDC
四川省,四川省CDC
四川省,广安市CDC
四川省,绵阳市CDC
四川省,内江市CDC
四川省,攀枝花市CDC
四川省,达州市CDC
四川省,德阳市CDC
四川省,甘孜藏族自治州CDC
四川省,广元市CDC
四川省,乐山市CDC
四川省,眉山市CDC
四川省,南充市CDC
四川省,遂宁市CDC
四川省,资阳市CDC
四川省,自贡市CDC
四川省,宜宾市CDC
天津市,天津市CDC
天津市,红桥区CDC
天津市,宝坻区CDC
天津市,宁河区CDC
天津市,蓟州区CDC
天津市,宁河区CDC
西藏自治区,西藏自治区CDC
西藏,阿里地区CDC
西藏,拉萨市CDC
西藏,那曲地区CDC
新疆维吾尔自治区,新疆维吾尔自治区CDC
新疆,昌吉回族自治州CDC
新疆,克拉玛依市CDC
新疆,博尔塔拉蒙古自治州CDC
新疆,伊犁哈萨克自治州CDC
新疆,阿勒泰地区CDC
新疆,喀什地区CDC
新疆,哈密市CDC
新疆建设兵团,新疆建设兵团CDC
新疆,巴音郭楞蒙古自治州CDC
云南省,云南省CDC
云南省,红河哈尼族彝族自治州CDC升级
云南省,楚雄市CDC升级
云南省,临沧市CDC
云南省,昆明市CDC
云南省,保山市CDC
云南省,昭通市CDC
云南省,玉溪市CDC
浙江省,浙江省CDC
浙江省,温州市CDC
浙江省,舟山市CDC
浙江省,温州市CDC
浙江省,金华市CDC
浙江省,杭州拱墅区CDC
重庆市,重庆市CDC
重庆市,大足区CDC
重庆市,南川区CDC
重庆市,荣昌区CDC
重庆市,璧山区CDC
重庆市,南岸区CDC
重庆市,铜梁区CDC
重庆市,渝北区CDC
重庆市,潼南区CDC
重庆市,永川区CDC
重庆市,沙坪坝区CDC
上海市,松江区CDC
上海市,宝山区CDC
